NodeID,Status,Wealth,LastPayoff
0,1,108,"[3, 3, 3, 1, 3, 3, 3, 1, 3, 3, 3, 1, 1, 3, 1, 1, 1, 3, 3, 3, 3, 1, 1, 3, 3, 3, 1, 3, 3, 1, 3, 1, 1, 1, 1, 1, 3, 3, 1, 3, 1, 3, 1, 1, 1, 1, 1, 3, 1, 3, 3, 3]"
1,0,54,"[2, 2, 0, 2, 2, 2, 2, 2, 2, 2, 0, 0, 2, 2, 2, 2, 2, 0, 0, 2, 0, 0, 2, 2, 2, 2, 0, 0, 0, 2, 2, 0, 0, 2, 0, 0, 0, 2, 2, 0, 2, 0, 0, 2, 0, 0, 0, 0, 0, 2]"
2,0,44,"[0, 0, 2, 2, 2, 2, 2, 0, 0, 2, 2, 0, 0, 0, 2, 2, 0, 2, 0, 0, 0, 0, 2, 2, 2, 2, 0, 0, 2, 2, 0, 2, 0, 0, 0, 0, 2, 2, 2, 2, 0, 0, 0, 0, 0, 0, 0, 0, 0, 0, 2]"
3,0,50,"[0, 2, 0, 2, 2, 2, 2, 0, 2, 2, 2, 2, 2, 0, 0, 0, 0, 2, 2, 0, 2, 0, 0, 0, 0, 2, 2, 2, 2, 0, 2, 0, 0, 2, 2, 2, 0, 2, 0, 0, 2, 0, 0, 0, 0, 0, 0, 2, 0, 2]"
4,1,92,"[3, 3, 1, 3, 3, 3, 1, 3, 3, 1, 3, 1, 1, 3, 3, 3, 1, 1, 1, 3, 3, 3, 1, 1, 3, 3, 1, 3, 3, 1, 1, 1, 3, 3, 3, 1, 1, 1, 1, 1, 1, 1, 3, 1, 1, 3]"
5,0,50,"[2, 2, 2, 2, 2, 0, 2, 2, 0, 2, 0, 2, 2, 2, 0, 0, 2, 0, 2, 0, 2, 2, 2, 0, 2, 2, 2, 0, 0, 0, 2, 2, 2, 2, 0, 0, 2, 0, 0, 0, 0, 0, 0, 0, 2, 0, 0]"
6,1,86,"[3, 3, 1, 3, 3, 1, 3, 3, 3, 3, 1, 1, 1, 3, 3, 1, 3, 1, 3, 1, 1, 1, 3, 1, 3, 1, 3, 3, 1, 1, 3, 3, 1, 3, 1, 1, 1, 1, 1, 1, 3, 1, 3, 1]"
7,0,52,"[0, 2, 2, 2, 0, 2, 2, 2, 2, 2, 0, 2, 2, 2, 0, 2, 2, 2, 0, 0, 2, 2, 0, 0, 2, 0, 0, 0, 2, 0, 2, 2, 0, 2, 0, 0, 0, 0, 2, 0, 0, 2, 0, 0, 0, 0, 0, 2, 2, 0, 2, 0]"
8,0,48,"[2, 2, 2, 0, 2, 2, 2, 2, 2, 2, 2, 2, 2, 0, 0, 0, 2, 0, 2, 0, 0, 2, 0, 0, 0, 0, 2, 2, 0, 0, 0, 2, 2, 2, 0, 2, 0, 0, 0, 2, 2, 0, 2, 0, 0, 0, 0, 0, 0]"
9,0,48,"[0, 2, 0, 2, 2, 2, 2, 2, 0, 2, 2, 2, 0, 2, 0, 2, 0, 0, 2, 0, 0, 2, 0, 2, 0, 2, 0, 2, 0, 2, 0, 0, 2, 2, 2, 0, 2, 0, 0, 0, 0, 0, 0, 0, 2, 0, 2, 0, 2]"
10,0,68,"[0, 2, 0, 2, 2, 2, 2, 0, 2, 2, 2, 2, 2, 2, 2, 0, 2, 2, 0, 0, 2, 2, 2, 2, 2, 0, 0, 0, 0, 0, 2, 0, 2, 2, 2, 2, 2, 2, 2, 0, 0, 0, 0, 2, 2, 2, 2, 0, 2, 0, 0, 2, 0, 0, 0, 0, 0, 2]"
11,1,88,"[1, 3, 1, 3, 1, 3, 3, 3, 3, 3, 1, 3, 1, 3, 3, 3, 3, 3, 1, 1, 3, 3, 1, 3, 3, 1, 3, 1, 3, 1, 3, 1, 1, 1, 3, 1, 1, 1, 3, 1, 3, 1]"
12,0,62,"[2, 2, 2, 2, 2, 2, 2, 2, 0, 2, 2, 0, 0, 2, 0, 2, 2, 2, 0, 2, 2, 2, 2, 0, 0, 0, 2, 2, 2, 2, 2, 0, 2, 2, 0, 2, 0, 2, 0, 0, 0, 2, 0, 0, 0, 0, 2, 2, 0, 2]"
13,0,48,"[0, 2, 0, 2, 2, 0, 2, 2, 2, 0, 0, 2, 2, 0, 0, 2, 2, 2, 0, 0, 2, 2, 0, 2, 2, 0, 2, 2, 0, 0, 0, 2, 0, 0, 0, 2, 2, 2, 0, 0, 2, 0, 0, 0, 0, 0, 2, 0, 0, 2, 0]"
14,0,50,"[2, 0, 2, 2, 2, 0, 2, 2, 2, 0, 2, 2, 0, 2, 2, 0, 2, 2, 0, 0, 2, 2, 2, 2, 2, 0, 0, 0, 0, 0, 0, 2, 2, 0, 2, 0, 0, 0, 2, 0, 0, 0, 0, 0, 0, 2, 0, 0, 2, 0, 2]"
15,0,66,"[0, 2, 2, 2, 0, 2, 0, 2, 2, 2, 0, 2, 2, 2, 2, 2, 2, 0, 0, 2, 0, 2, 2, 0, 0, 2, 2, 0, 2, 2, 0, 0, 0, 2, 2, 2, 2, 2, 0, 2, 2, 2, 0, 2, 0, 0, 0, 0, 2, 2, 0, 2, 0, 0, 0, 0, 0, 2]"
16,0,46,"[0, 2, 0, 2, 2, 2, 0, 0, 2, 0, 2, 0, 2, 2, 2, 2, 2, 0, 0, 2, 2, 0, 2, 2, 2, 2, 2, 0, 0, 0, 0, 0, 2, 0, 0, 0, 2, 2, 0, 2, 0, 0, 0, 0, 0, 0, 0, 2]"
17,0,50,"[2, 2, 2, 2, 2, 2, 0, 2, 2, 0, 2, 0, 0, 2, 2, 0, 0, 2, 2, 2, 2, 2, 0, 2, 2, 0, 0, 2, 0, 0, 2, 2, 0, 0, 0, 0, 2, 0, 0, 0, 0, 0, 0, 2, 2, 0, 0, 2]"
18,1,92,"[1, 3, 1, 3, 3, 3, 3, 3, 3, 3, 3, 1, 3, 1, 3, 3, 3, 3, 3, 1, 3, 1, 3, 1, 1, 1, 1, 3, 3, 3, 3, 1, 1, 1, 3, 1, 1, 1, 1, 3, 3, 3]"
19,0,46,"[0, 0, 0, 2, 2, 0, 2, 2, 0, 2, 2, 0, 2, 0, 2, 2, 0, 2, 2, 0, 0, 0, 2, 2, 0, 0, 2, 0, 2, 2, 0, 0, 0, 0, 0, 0, 2, 2, 2, 0, 0, 2, 0, 0, 2, 2, 2]"
20,1,103,"[3, 1, 1, 3, 3, 1, 3, 3, 3, 3, 3, 3, 3, 1, 1, 3, 1, 1, 1, 3, 3, 3, 3, 1, 1, 1, 3, 1, 1, 1, 3, 1, 3, 3, 1, 3, 3, 1, 1, 1, 1, 1, 3, 1, 1, 1, 1, 3, 1, 1, 3, 1, 3]"
21,0,52,"[0, 2, 2, 2, 2, 2, 2, 2, 2, 2, 2, 0, 0, 0, 0, 2, 2, 2, 0, 0, 0, 0, 2, 0, 2, 2, 2, 0, 2, 2, 2, 0, 0, 0, 0, 2, 2, 2, 0, 0, 0, 0, 2, 0, 2, 2]"
22,0,66,"[0, 2, 2, 2, 2, 2, 2, 2, 0, 2, 2, 2, 2, 0, 2, 0, 2, 0, 0, 0, 2, 2, 0, 0, 0, 2, 2, 2, 0, 0, 2, 2, 0, 0, 2, 2, 0, 2, 0, 0, 2, 0, 2, 0, 2, 2, 0, 0, 0, 0, 0, 2, 2, 2, 2, 0, 0, 0, 0, 0, 0, 0, 0, 2, 0, 2]"
23,0,50,"[2, 2, 2, 2, 2, 2, 2, 2, 0, 2, 0, 0, 0, 0, 2, 0, 2, 2, 0, 2, 0, 2, 0, 2, 2, 0, 2, 2, 0, 2, 0, 0, 0, 0, 2, 2, 2, 2, 2, 0, 0, 0, 2, 0]"
24,1,109,"[3, 3, 3, 1, 3, 3, 3, 3, 3, 3, 3, 3, 1, 3, 1, 3, 3, 1, 1, 1, 3, 1, 1, 3, 1, 3, 3, 3, 1, 1, 3, 3, 1, 3, 3, 3, 1, 1, 3, 3, 3, 1, 3, 3, 1, 1, 1, 1, 1, 1, 1]"
25,1,98,"[1, 3, 3, 3, 1, 3, 3, 3, 1, 1, 3, 1, 1, 1, 1, 3, 3, 1, 1, 3, 3, 1, 1, 3, 1, 3, 3, 1, 1, 1, 3, 3, 1, 3, 1, 1, 3, 3, 3, 1, 1, 1, 3, 1, 1, 1, 1, 1, 1, 3, 1, 3]"
26,1,112,"[3, 3, 1, 3, 3, 3, 3, 3, 3, 3, 1, 3, 3, 3, 1, 3, 1, 3, 3, 1, 1, 3, 3, 3, 3, 3, 1, 1, 3, 1, 3, 1, 1, 1, 1, 1, 1, 3, 3, 3, 3, 1, 1, 1, 3, 1, 1, 1, 1, 1, 3, 1, 1, 3]"
27,0,46,"[2, 0, 2, 2, 2, 2, 2, 2, 2, 2, 0, 0, 0, 0, 0, 2, 2, 0, 2, 2, 0, 2, 2, 2, 0, 0, 0, 0, 0, 0, 0, 0, 0, 2, 2, 2, 2, 0, 0, 2, 0, 0, 0, 0, 0, 0, 2, 2]"
28,1,84,"[1, 3, 3, 1, 3, 3, 3, 3, 1, 1, 3, 1, 1, 1, 3, 1, 3, 1, 1, 3, 1, 1, 1, 3, 1, 3, 3, 3, 1, 3, 1, 1, 1, 1, 3, 3, 1, 1, 3, 1, 1, 1, 1, 3, 1, 1]"
29,1,90,"[3, 3, 3, 3, 3, 3, 1, 3, 3, 3, 1, 1, 1, 1, 1, 3, 3, 3, 1, 1, 3, 1, 3, 3, 1, 3, 1, 1, 1, 1, 3, 3, 3, 1, 3, 3, 1, 1, 1, 1, 1, 1, 1, 3, 1, 1]"
30,0,56,"[2, 2, 2, 2, 2, 0, 2, 2, 2, 2, 2, 2, 2, 0, 0, 0, 2, 2, 2, 0, 0, 2, 2, 2, 2, 0, 2, 0, 2, 2, 2, 0, 0, 0, 2, 2, 0, 2, 0, 0, 2, 0, 0, 0, 0, 0, 0, 2, 0, 0, 0]"
31,0,52,"[2, 2, 0, 2, 0, 2, 0, 2, 2, 2, 2, 2, 2, 0, 2, 0, 0, 0, 0, 2, 0, 0, 0, 0, 0, 2, 0, 2, 2, 0, 0, 0, 2, 0, 2, 0, 2, 0, 0, 0, 2, 2, 2, 2, 0, 2, 2, 0, 0, 0, 0, 2, 2, 0]"
32,0,52,"[0, 2, 0, 2, 2, 2, 2, 0, 2, 2, 0, 2, 0, 0, 0, 2, 0, 0, 2, 2, 0, 2, 2, 0, 0, 2, 2, 0, 2, 2, 0, 2, 2, 2, 2, 0, 0, 0, 0, 2, 2, 2, 2, 0, 0, 0, 0, 0, 0, 0, 0, 0, 2]"
33,0,60,"[2, 2, 0, 2, 2, 0, 2, 2, 2, 2, 2, 2, 0, 2, 2, 2, 0, 0, 0, 2, 2, 0, 2, 0, 0, 2, 2, 2, 2, 2, 2, 0, 2, 0, 0, 0, 0, 0, 0, 2, 2, 0, 0, 2, 0, 0, 0, 0, 0, 0, 0, 2, 0, 2, 2, 0, 2]"
34,1,103,"[1, 3, 1, 3, 3, 3, 3, 3, 1, 3, 1, 1, 1, 3, 3, 3, 1, 1, 3, 3, 3, 1, 1, 1, 3, 3, 1, 3, 3, 3, 3, 1, 1, 1, 3, 3, 3, 1, 3, 1, 1, 1, 1, 1, 1, 1, 1, 3, 1, 3, 3]"
35,1,99,"[1, 3, 3, 3, 3, 3, 3, 3, 3, 1, 3, 3, 1, 1, 1, 1, 3, 3, 1, 3, 3, 3, 1, 1, 1, 1, 3, 1, 3, 3, 3, 1, 3, 3, 1, 1, 1, 1, 3, 3, 3, 1, 1, 1, 1, 1, 1, 1, 3]"
36,1,102,"[1, 3, 1, 3, 3, 3, 3, 3, 3, 3, 1, 3, 3, 3, 3, 1, 3, 3, 3, 1, 3, 3, 1, 1, 3, 3, 1, 3, 3, 1, 1, 1, 1, 1, 3, 3, 1, 1, 1, 1, 1, 1, 1, 1, 1, 3, 3, 1, 1, 3]"
37,0,52,"[0, 2, 2, 0, 2, 2, 2, 2, 2, 0, 2, 2, 2, 2, 2, 0, 0, 2, 0, 0, 2, 2, 2, 0, 0, 0, 0, 2, 2, 0, 2, 0, 0, 0, 2, 2, 0, 2, 0, 0, 2, 0, 0, 0, 0, 0, 2, 0, 2, 2]"
38,0,50,"[2, 2, 0, 2, 2, 2, 2, 0, 2, 2, 2, 2, 2, 0, 0, 0, 2, 2, 0, 0, 0, 2, 0, 2, 2, 0, 0, 0, 0, 0, 2, 2, 2, 0, 0, 0, 2, 2, 2, 0, 0, 2, 0, 0, 0, 2, 2, 0]"
39,0,60,"[0, 2, 2, 2, 2, 2, 2, 2, 2, 2, 0, 2, 0, 2, 2, 0, 0, 0, 2, 2, 0, 2, 2, 0, 2, 2, 2, 2, 2, 2, 0, 0, 0, 2, 2, 2, 0, 0, 2, 0, 0, 0, 0, 0, 0, 0, 0, 2, 2, 2, 2]"
40,1,87,"[3, 3, 1, 3, 1, 3, 3, 3, 1, 3, 3, 3, 1, 1, 1, 3, 3, 1, 3, 1, 1, 1, 1, 3, 3, 3, 1, 3, 1, 1, 1, 1, 3, 3, 1, 1, 1, 1, 1, 1, 1, 1, 3, 1, 1, 1, 3]"
41,1,123,"[3, 3, 3, 3, 3, 3, 1, 3, 3, 3, 3, 3, 3, 3, 1, 1, 3, 1, 1, 3, 3, 1, 1, 3, 1, 1, 1, 3, 3, 3, 1, 1, 3, 3, 3, 1, 3, 1, 1, 1, 3, 3, 3, 3, 3, 1, 1, 3, 1, 1, 1, 1, 3, 1, 1, 3, 3]"
42,0,50,"[0, 2, 2, 0, 2, 2, 2, 2, 2, 2, 2, 2, 0, 2, 2, 2, 0, 0, 2, 0, 0, 0, 0, 2, 2, 2, 2, 0, 0, 2, 2, 2, 0, 2, 0, 0, 0, 2, 2, 0, 0, 0, 0, 0, 2]"
43,0,46,"[0, 2, 0, 2, 2, 2, 2, 2, 0, 2, 2, 2, 0, 0, 2, 0, 2, 0, 2, 2, 0, 0, 2, 2, 2, 0, 2, 0, 0, 2, 2, 0, 0, 0, 0, 2, 2, 0, 0, 0, 0, 0, 0, 0, 0, 0, 2, 0, 2]"
44,1,110,"[1, 3, 3, 1, 3, 3, 3, 3, 3, 3, 3, 3, 1, 1, 1, 1, 3, 3, 1, 1, 3, 3, 1, 1, 3, 1, 3, 1, 3, 3, 3, 3, 1, 1, 3, 1, 3, 3, 3, 3, 1, 1, 1, 1, 1, 3, 3, 3, 1, 1, 1, 1, 1, 1]"
45,1,111,"[3, 1, 1, 3, 3, 3, 3, 3, 1, 3, 3, 1, 1, 1, 3, 3, 3, 3, 1, 1, 3, 3, 1, 1, 3, 1, 1, 3, 1, 3, 3, 3, 1, 3, 3, 1, 3, 1, 3, 1, 1, 3, 3, 3, 3, 3, 1, 3, 1, 1, 1, 1, 1]"
46,1,122,"[3, 3, 3, 3, 3, 3, 3, 3, 3, 3, 3, 1, 3, 3, 1, 1, 3, 3, 3, 1, 1, 1, 3, 3, 1, 1, 3, 3, 1, 3, 3, 3, 3, 1, 1, 3, 1, 3, 1, 3, 1, 1, 1, 1, 3, 3, 3, 1, 1, 1, 1, 1, 1, 1, 3, 1, 1, 3]"
47,0,54,"[2, 2, 2, 0, 2, 2, 2, 2, 0, 0, 0, 2, 2, 0, 2, 2, 2, 0, 2, 2, 0, 0, 2, 0, 2, 2, 2, 0, 0, 0, 2, 0, 2, 0, 0, 2, 2, 2, 2, 0, 2, 0, 0, 0, 0, 0, 0, 0, 2, 0, 0, 0, 2]"
48,0,66,"[2, 2, 0, 2, 2, 0, 2, 2, 2, 2, 2, 2, 0, 2, 0, 0, 2, 2, 2, 2, 2, 2, 2, 2, 0, 0, 2, 0, 2, 0, 2, 2, 2, 0, 0, 0, 0, 0, 2, 2, 2, 2, 0, 0, 2, 0, 0, 0, 0, 0, 0, 2, 0, 2, 2, 0, 2]"
49,1,95,"[1, 3, 1, 3, 3, 3, 3, 1, 3, 3, 1, 1, 3, 3, 1, 3, 1, 1, 1, 3, 3, 3, 3, 1, 3, 1, 3, 3, 1, 3, 3, 1, 3, 1, 3, 1, 1, 1, 1, 3, 1, 3, 3, 1, 3]"
50,0,34,"[0, 2, 2, 2, 2, 2, 2, 2, 0, 2, 0, 0, 2, 0, 0, 2, 0, 2, 0, 0, 2, 0, 2, 2, 0, 0, 0, 0, 0, 0, 0, 0, 0, 0, 2, 2, 2]"
51,0,56,"[0, 2, 0, 2, 2, 2, 2, 2, 2, 2, 2, 2, 0, 0, 0, 2, 2, 2, 2, 0, 2, 2, 0, 0, 0, 0, 2, 0, 2, 2, 0, 0, 0, 2, 0, 0, 0, 2, 2, 2, 2, 0, 0, 2, 0, 0, 0, 0, 2, 0, 2, 0, 2]"
52,0,50,"[0, 2, 2, 2, 0, 2, 0, 2, 2, 2, 2, 2, 0, 0, 0, 0, 2, 2, 2, 0, 0, 2, 2, 0, 2, 2, 2, 2, 0, 0, 2, 0, 2, 2, 0, 0, 2, 0, 0, 0, 2, 0, 0, 0, 0, 0, 0, 0, 2, 2]"
53,0,54,"[2, 2, 2, 2, 2, 2, 2, 0, 2, 2, 0, 0, 0, 2, 2, 2, 0, 0, 2, 0, 0, 2, 0, 0, 0, 2, 2, 2, 2, 0, 2, 0, 2, 2, 2, 0, 0, 0, 2, 2, 0, 2, 0, 0, 2, 0, 0, 0, 0, 0, 0, 2]"
54,1,100,"[3, 3, 1, 1, 3, 3, 1, 3, 3, 3, 3, 3, 1, 3, 1, 1, 1, 1, 3, 3, 3, 3, 1, 3, 3, 3, 3, 1, 1, 3, 1, 1, 1, 3, 3, 3, 3, 1, 1, 1, 3, 1, 1, 1, 1, 3, 1, 3]"
55,1,102,"[3, 3, 3, 3, 3, 3, 1, 3, 1, 1, 1, 1, 3, 3, 3, 3, 1, 1, 3, 3, 1, 1, 1, 1, 3, 3, 3, 1, 1, 3, 1, 3, 3, 1, 1, 1, 1, 3, 3, 3, 3, 3, 3, 1, 3, 3, 1, 1]"
56,1,89,"[1, 3, 3, 1, 3, 3, 3, 3, 3, 3, 1, 1, 3, 1, 1, 1, 3, 3, 3, 3, 1, 3, 1, 1, 3, 1, 3, 3, 1, 1, 3, 3, 3, 3, 1, 1, 1, 1, 1, 3, 1, 1, 3]"
57,0,48,"[0, 2, 2, 0, 2, 2, 2, 0, 2, 2, 0, 2, 2, 0, 0, 0, 2, 2, 2, 0, 0, 2, 0, 2, 2, 0, 0, 0, 0, 2, 2, 0, 0, 2, 0, 0, 0, 0, 2, 2, 2, 0, 0, 2, 0, 0, 0, 0, 0, 0, 2, 0, 2]"
58,1,106,"[3, 1, 3, 3, 3, 3, 3, 1, 3, 3, 1, 3, 1, 3, 3, 3, 3, 3, 1, 1, 3, 1, 1, 3, 1, 3, 1, 1, 3, 1, 3, 1, 3, 1, 1, 1, 1, 3, 3, 3, 3, 1, 1, 1, 1, 1, 1, 1, 3, 3, 1, 3]"
59,0,52,"[0, 2, 0, 2, 0, 2, 2, 2, 2, 0, 2, 2, 0, 2, 0, 0, 0, 0, 2, 2, 2, 0, 2, 2, 0, 0, 2, 0, 0, 0, 2, 0, 2, 0, 0, 2, 2, 2, 0, 0, 0, 2, 2, 2, 2, 0, 2, 0, 0, 0, 0, 0, 2, 0, 0, 0]"
60,0,52,"[2, 2, 2, 0, 2, 2, 2, 2, 2, 0, 0, 2, 2, 0, 0, 2, 2, 2, 0, 2, 0, 0, 2, 2, 2, 2, 0, 2, 2, 0, 2, 0, 0, 0, 2, 2, 0, 2, 0, 0, 0, 2, 0, 0, 0, 2]"
61,1,90,"[3, 3, 1, 3, 3, 3, 3, 1, 1, 1, 1, 3, 1, 3, 3, 1, 3, 3, 3, 1, 3, 1, 3, 3, 3, 1, 1, 1, 1, 1, 1, 1, 3, 3, 3, 3, 1, 1, 1, 3, 1, 1, 1, 1, 1, 3]"
62,0,54,"[0, 2, 2, 2, 2, 2, 2, 2, 2, 0, 2, 2, 2, 0, 0, 2, 2, 0, 0, 0, 2, 0, 2, 2, 0, 2, 2, 0, 2, 2, 0, 0, 0, 0, 2, 2, 2, 2, 0, 0, 0, 0, 2, 0, 0, 0, 0, 0, 2, 0, 2]"
63,1,112,"[1, 3, 3, 1, 1, 3, 3, 3, 3, 3, 3, 3, 3, 1, 3, 3, 1, 3, 3, 3, 3, 1, 3, 1, 1, 3, 1, 1, 3, 3, 3, 1, 3, 1, 3, 3, 1, 1, 3, 3, 1, 1, 3, 1, 1, 1, 1, 3, 1, 1, 3, 3]"
64,0,44,"[2, 2, 0, 2, 2, 2, 2, 2, 0, 2, 0, 0, 0, 2, 2, 0, 2, 2, 0, 0, 2, 2, 0, 0, 2, 2, 0, 0, 0, 2, 2, 2, 0, 2, 0, 0, 0, 0, 0, 2, 0, 2]"
65,0,48,"[0, 2, 0, 2, 2, 0, 2, 2, 2, 2, 0, 2, 2, 0, 0, 2, 2, 0, 0, 2, 0, 0, 0, 2, 0, 2, 2, 0, 0, 0, 2, 2, 0, 2, 0, 0, 2, 2, 0, 0, 0, 0, 0, 2, 2, 0, 0, 2, 0, 2]"
66,1,98,"[1, 3, 3, 3, 3, 3, 3, 3, 1, 3, 1, 3, 3, 1, 1, 1, 3, 3, 1, 1, 3, 1, 3, 1, 3, 3, 1, 3, 1, 1, 3, 1, 1, 1, 3, 3, 1, 3, 1, 3, 1, 1, 1, 1, 1, 1, 3, 1, 1, 3]"
67,1,119,"[1, 3, 3, 1, 3, 3, 3, 1, 3, 3, 3, 3, 3, 1, 3, 3, 3, 1, 3, 1, 3, 3, 3, 1, 1, 3, 1, 1, 3, 1, 3, 3, 1, 3, 1, 3, 3, 1, 3, 1, 1, 3, 3, 3, 1, 1, 1, 1, 1, 1, 1, 3, 1, 1, 3, 3, 1]"
68,1,100,"[1, 3, 3, 3, 1, 3, 3, 3, 3, 3, 1, 3, 3, 3, 1, 3, 3, 1, 3, 3, 1, 1, 3, 1, 1, 1, 3, 3, 1, 1, 1, 1, 3, 1, 1, 1, 3, 3, 1, 1, 1, 1, 1, 1, 1, 3, 3, 1, 3, 3]"
69,1,100,"[3, 1, 3, 3, 3, 3, 1, 3, 1, 3, 3, 1, 3, 1, 1, 3, 1, 1, 3, 3, 3, 1, 1, 3, 3, 3, 1, 1, 1, 3, 3, 3, 3, 1, 1, 1, 1, 3, 1, 3, 1, 1, 3, 1, 1, 1, 1, 3, 3, 1]"
70,1,120,"[1, 3, 3, 1, 3, 3, 3, 3, 3, 3, 3, 3, 1, 3, 1, 3, 3, 3, 1, 1, 3, 3, 3, 1, 1, 3, 3, 1, 3, 1, 1, 3, 3, 3, 3, 3, 1, 3, 1, 3, 1, 1, 1, 1, 1, 3, 1, 1, 1, 1, 1, 1, 1, 1, 1, 3, 3, 3]"
71,1,106,"[1, 3, 3, 3, 3, 3, 3, 3, 1, 3, 3, 1, 1, 1, 3, 1, 1, 3, 3, 1, 1, 1, 3, 1, 3, 3, 1, 3, 1, 3, 3, 3, 3, 3, 1, 1, 1, 1, 1, 3, 1, 1, 1, 1, 1, 1, 1, 1, 1, 1, 3, 3, 3, 3]"
72,0,56,"[2, 2, 2, 0, 2, 2, 0, 2, 2, 2, 0, 2, 2, 2, 2, 0, 2, 2, 2, 2, 0, 0, 0, 0, 2, 2, 0, 2, 0, 0, 0, 0, 2, 0, 2, 2, 2, 2, 0, 2, 0, 0, 2, 0, 0, 0, 0, 0, 0, 0, 2, 0, 2]"
73,0,56,"[0, 2, 2, 0, 2, 0, 2, 2, 2, 2, 0, 0, 2, 2, 2, 0, 0, 0, 2, 2, 2, 0, 0, 2, 2, 0, 0, 0, 0, 0, 2, 2, 0, 0, 2, 0, 2, 2, 2, 0, 0, 0, 0, 2, 2, 0, 2, 0, 0, 0, 0, 2, 0, 2, 2, 0, 2]"
74,0,56,"[2, 0, 2, 2, 2, 2, 0, 2, 0, 0, 0, 2, 0, 2, 2, 2, 0, 0, 2, 0, 2, 0, 0, 2, 2, 2, 2, 0, 0, 0, 2, 2, 0, 2, 2, 0, 0, 0, 2, 2, 2, 0, 0, 2, 0, 0, 0, 2, 0, 2, 2, 0, 2]"
75,0,54,"[2, 2, 2, 2, 2, 2, 2, 2, 2, 0, 0, 2, 0, 0, 2, 2, 0, 2, 2, 2, 0, 2, 0, 0, 2, 2, 2, 0, 0, 2, 2, 0, 2, 0, 2, 2, 0, 0, 0, 2, 0, 0, 0, 0, 2, 0, 2]"
76,0,34,"[0, 2, 0, 2, 2, 2, 0, 2, 2, 0, 0, 2, 2, 0, 2, 2, 0, 0, 0, 2, 0, 0, 0, 2, 0, 2, 0, 0, 0, 2, 0, 0, 0, 0, 2, 2, 0, 2]"
77,1,98,"[1, 3, 3, 1, 1, 3, 3, 3, 3, 1, 3, 3, 3, 1, 1, 1, 3, 3, 1, 1, 3, 3, 1, 1, 1, 3, 3, 3, 1, 3, 1, 3, 1, 1, 1, 1, 3, 3, 3, 1, 1, 1, 1, 1, 1, 3, 1, 1, 3, 3]"
78,0,52,"[0, 2, 2, 2, 0, 2, 2, 2, 0, 2, 2, 2, 2, 2, 0, 0, 0, 2, 2, 2, 0, 0, 2, 2, 0, 0, 2, 2, 0, 2, 0, 0, 2, 0, 0, 0, 2, 2, 2, 0, 2, 0, 0, 0, 0, 0, 2, 0, 2]"
79,1,86,"[3, 3, 3, 1, 3, 3, 1, 3, 1, 3, 1, 1, 3, 3, 3, 1, 1, 1, 3, 1, 1, 3, 3, 1, 3, 3, 1, 3, 1, 3, 1, 1, 3, 3, 1, 3, 1, 1, 1, 3, 3, 1]"
80,1,109,"[3, 3, 1, 3, 3, 1, 3, 3, 1, 3, 3, 1, 3, 1, 3, 3, 3, 1, 1, 1, 3, 3, 3, 1, 1, 3, 1, 1, 3, 3, 3, 1, 1, 3, 1, 1, 1, 1, 3, 3, 1, 3, 1, 1, 3, 1, 1, 1, 1, 1, 1, 1, 3, 3, 3]"
81,1,110,"[1, 3, 3, 1, 3, 3, 3, 1, 3, 3, 3, 1, 3, 3, 1, 1, 1, 3, 1, 1, 3, 3, 1, 3, 3, 1, 3, 3, 3, 3, 3, 3, 3, 1, 1, 1, 1, 3, 3, 3, 1, 3, 1, 1, 1, 1, 1, 3, 3, 1, 1, 3]"
82,0,70,"[0, 2, 2, 2, 2, 2, 0, 2, 2, 2, 2, 0, 2, 2, 0, 0, 0, 2, 0, 0, 2, 2, 2, 2, 2, 2, 0, 0, 2, 2, 0, 2, 2, 2, 0, 2, 0, 2, 0, 2, 0, 2, 0, 0, 2, 2, 2, 2, 2, 0, 0, 0, 0, 0, 0, 0, 0, 0, 0, 2, 0, 2, 2]"
83,1,96,"[1, 3, 1, 3, 3, 3, 3, 3, 3, 3, 1, 3, 1, 3, 1, 1, 3, 3, 3, 1, 3, 3, 1, 1, 1, 3, 3, 3, 1, 3, 1, 3, 3, 1, 1, 1, 1, 3, 3, 3, 1, 1, 1, 3, 1, 1]"
84,1,102,"[1, 3, 1, 3, 1, 3, 3, 1, 3, 3, 3, 3, 1, 3, 1, 3, 1, 3, 3, 3, 1, 3, 1, 3, 1, 3, 3, 3, 1, 1, 3, 1, 1, 3, 1, 1, 1, 1, 1, 1, 3, 1, 3, 1, 1, 1, 1, 1, 3, 3, 1, 3]"
85,1,122,"[3, 3, 3, 1, 3, 1, 3, 3, 3, 3, 3, 3, 1, 1, 3, 1, 1, 3, 3, 3, 1, 1, 3, 3, 1, 1, 3, 1, 1, 3, 3, 3, 3, 3, 3, 1, 1, 3, 1, 3, 1, 1, 1, 3, 3, 1, 3, 1, 1, 1, 1, 1, 1, 3, 3, 1, 3, 3]"
86,1,125,"[3, 3, 3, 3, 3, 3, 3, 3, 1, 3, 3, 3, 1, 1, 3, 1, 3, 3, 1, 3, 3, 3, 3, 1, 1, 3, 1, 3, 3, 3, 1, 3, 3, 3, 3, 3, 1, 1, 1, 1, 1, 3, 3, 3, 1, 3, 1, 1, 3, 1, 1, 3, 3, 1, 3]"
87,1,100,"[3, 3, 3, 1, 3, 3, 3, 1, 3, 3, 1, 1, 3, 1, 3, 3, 1, 3, 1, 3, 1, 1, 3, 3, 3, 1, 3, 3, 1, 3, 1, 3, 3, 1, 1, 1, 3, 3, 3, 1, 3, 1, 1, 1, 3, 3]"
88,1,96,"[1, 3, 1, 3, 3, 3, 3, 3, 1, 1, 3, 1, 3, 1, 3, 1, 1, 3, 3, 1, 3, 3, 3, 3, 3, 3, 1, 3, 1, 1, 1, 1, 1, 1, 3, 3, 1, 3, 1, 1, 3, 1, 1, 1, 1, 3, 1, 3]"
89,1,111,"[1, 3, 3, 3, 3, 1, 3, 3, 3, 1, 3, 3, 3, 3, 3, 1, 1, 1, 3, 3, 1, 1, 1, 3, 1, 3, 1, 3, 3, 3, 3, 1, 1, 3, 1, 3, 1, 1, 1, 1, 1, 1, 3, 1, 3, 1, 1, 1, 3, 1, 1, 1, 1, 1, 3, 1, 3]"
90,1,116,"[1, 3, 3, 3, 3, 3, 3, 3, 3, 1, 3, 3, 1, 1, 1, 1, 3, 3, 3, 3, 1, 1, 3, 3, 1, 3, 3, 1, 3, 3, 1, 3, 3, 1, 3, 1, 3, 1, 1, 1, 3, 3, 3, 1, 3, 1, 1, 1, 1, 1, 3, 1, 3, 3]"
91,1,108,"[1, 3, 1, 3, 3, 3, 3, 3, 3, 3, 1, 1, 1, 3, 3, 3, 3, 1, 1, 3, 3, 3, 1, 1, 1, 1, 3, 3, 1, 3, 1, 3, 1, 3, 1, 3, 3, 1, 1, 3, 3, 3, 3, 1, 1, 1, 1, 3, 1, 1, 3, 1]"
92,0,46,"[0, 2, 0, 2, 2, 2, 2, 0, 0, 2, 2, 2, 2, 0, 0, 2, 0, 0, 2, 2, 2, 2, 0, 0, 0, 2, 0, 2, 0, 0, 0, 0, 2, 2, 2, 0, 2, 0, 0, 0, 0, 0, 0, 2, 2, 2]"
93,0,50,"[0, 2, 2, 0, 2, 2, 2, 2, 0, 2, 0, 2, 2, 2, 0, 0, 2, 0, 2, 2, 0, 0, 2, 2, 0, 2, 2, 0, 2, 0, 0, 0, 0, 2, 2, 0, 0, 2, 0, 0, 0, 2, 0, 2, 2, 2]"
94,1,89,"[1, 1, 3, 3, 3, 3, 3, 3, 1, 3, 1, 1, 1, 1, 3, 3, 3, 1, 3, 1, 1, 3, 1, 3, 3, 1, 1, 1, 3, 3, 1, 3, 1, 1, 1, 3, 1, 1, 1, 3, 1, 1, 3, 3, 3]"
95,1,94,"[3, 3, 1, 1, 3, 3, 1, 3, 3, 3, 3, 3, 1, 3, 1, 1, 1, 3, 3, 1, 1, 1, 1, 3, 1, 3, 1, 1, 3, 3, 1, 3, 3, 1, 1, 3, 3, 3, 1, 3, 1, 1, 1, 3, 1, 3]"
96,0,40,"[0, 0, 2, 2, 2, 2, 0, 2, 2, 2, 0, 2, 2, 2, 0, 2, 0, 0, 2, 2, 0, 0, 0, 0, 2, 2, 0, 2, 0, 0, 2, 0, 0, 0, 2, 2, 0, 0, 2, 0]"
97,0,40,"[0, 2, 0, 0, 2, 0, 2, 0, 2, 0, 2, 2, 2, 0, 2, 2, 0, 2, 0, 0, 0, 2, 0, 0, 2, 2, 2, 2, 2, 0, 0, 0, 0, 2, 2, 0, 2, 2]"
98,1,106,"[3, 3, 3, 1, 3, 3, 3, 1, 3, 3, 3, 1, 3, 1, 1, 1, 3, 3, 1, 3, 1, 3, 3, 1, 1, 3, 3, 1, 3, 1, 3, 1, 3, 3, 3, 3, 3, 1, 1, 3, 3, 3, 1, 1, 1, 1, 1, 1, 1, 3]"
99,0,64,"[0, 2, 2, 2, 2, 2, 2, 2, 2, 2, 0, 2, 2, 0, 2, 0, 0, 0, 2, 2, 0, 0, 2, 2, 0, 2, 2, 0, 2, 2, 2, 2, 0, 2, 2, 0, 2, 2, 0, 0, 0, 0, 2, 2, 2, 0, 0, 0, 2, 0, 0, 0, 0, 0, 0, 0, 2, 0, 2]"
